time_sec,mean_error,rmse
0.0,0.01128195,0.2367745
0.05,0.011610612,0.24420334
0.1,0.012169432,0.2516789
0.15000000000000002,0.012650874,0.25915614
0.2,0.013193713,0.26671156
0.25,0.013869071,0.27420872
0.30000000000000004,0.014630134,0.2817581
0.35000000000000003,0.0153987445,0.28923333
0.4,0.01591454,0.29667246
0.45,0.016241902,0.30407578
0.5,0.016699992,0.31127542
0.55,0.017207585,0.3182386
0.6000000000000001,0.017618295,0.32513365
0.65,0.017838623,0.33194134
0.7000000000000001,0.017932154,0.33860025
0.75,0.018178795,0.34523326
0.8,0.018402204,0.35162342
0.8500000000000001,0.018478792,0.35764784
0.9,0.018492123,0.3634926
0.9500000000000001,0.018535502,0.36916912
1.0,0.018620493,0.3745545
1.05,0.018613694,0.3795784
1.1,0.018540606,0.38442692
1.1500000000000001,0.01857277,0.3892388
1.2000000000000002,0.018294055,0.39387622
1.25,0.018127205,0.39840123
1.3,0.017726645,0.40267593
1.35,0.017189039,0.4064883
1.4000000000000001,0.016755937,0.41034165
1.4500000000000002,0.016168412,0.41397628
1.5,0.015584479,0.4173066
1.55,0.014958381,0.42051402
1.6,0.014243337,0.42368957
1.6500000000000001,0.013566393,0.4267893
1.7000000000000002,0.012860171,0.42970225
1.75,0.012172358,0.4323591
1.8,0.011591633,0.4349042
1.85,0.010920972,0.4372365
1.9000000000000001,0.010398722,0.439489
1.9500000000000002,0.009795274,0.44133657
2.0,0.009201292,0.44317228
2.0500000000000003,0.008514744,0.44477198
2.1,0.007908061,0.44624645
2.15,0.0073091183,0.44768476
2.2,0.0068980665,0.44900516
2.25,0.0065778866,0.4501525
2.3000000000000003,0.006185877,0.45123053
2.35,0.0059727184,0.45211592
2.4000000000000004,0.0055702217,0.4528005
2.45,0.005176516,0.4533217
2.5,0.00495428,0.4538183
2.5500000000000003,0.004859769,0.45431742
2.6,0.0050274213,0.45453447
2.6500000000000004,0.004797467,0.45473245
2.7,0.0042286916,0.4547166
2.75,0.0039371033,0.4544774
2.8000000000000003,0.0036706233,0.4541044
2.85,0.0033305087,0.45370698
2.9000000000000004,0.0029452094,0.4533175
2.95,0.002799853,0.45291442
3.0,0.0028333697,0.45251817
3.0500000000000003,0.0029155263,0.45207295
3.1,0.002943277,0.45174605
3.1500000000000004,0.002914625,0.4514342
3.2,0.0028308085,0.4510785
3.25,0.0027355414,0.45068154
3.3000000000000003,0.0025670987,0.4501854
3.35,0.0023323153,0.44982743
3.4000000000000004,0.0019372271,0.44955522
3.45,0.0016089751,0.44914696
3.5,0.0012406531,0.44862962
3.5500000000000003,0.00056403544,0.44814265
3.6,-0.00021441221,0.4477532
3.6500000000000004,-0.0009070091,0.44718868
3.7,-0.0015143718,0.44643527
3.75,-0.0020171488,0.44553936
3.8000000000000003,-0.0024249542,0.4447451
3.85,-0.0027514175,0.44400877
3.9000000000000004,-0.0030055272,0.44336426
3.95,-0.0032005296,0.44271597
4.0,-0.0032301568,0.4421072
4.05,-0.0030518295,0.44174913
4.1000000000000005,-0.0025956102,0.44148108
4.15,-0.0022869576,0.44118786
4.2,-0.0019480673,0.44082117
4.25,-0.0018106615,0.4404721
4.3,-0.0018559373,0.44004378
4.3500000000000005,-0.0017336893,0.43979925
4.4,-0.001534671,0.43953815
4.45,-0.0012272258,0.43926924
4.5,-0.00090785616,0.43911478
4.55,-0.0005474306,0.43919542
4.6000000000000005,-7.181239e-05,0.43919817
4.65,0.00038105567,0.43912452
4.7,0.0007583499,0.4392504
4.75,0.0010746376,0.4394282
4.800000000000001,0.0012708439,0.43963826
4.8500000000000005,0.0012774353,0.4399091
4.9,0.0012928004,0.44026372
4.95,0.0014082738,0.44080162
5.0,0.001487845,0.4416032
5.050000000000001,0.0016680527,0.44239634
5.1000000000000005,0.0015053167,0.44346717
5.15,0.0015442357,0.44460505
5.2,0.0015719595,0.44576442
5.25,0.0015701791,0.44690397
5.300000000000001,0.0014378725,0.4480922
5.3500000000000005,0.0014967935,0.4492684
5.4,0.0014247175,0.45031944
5.45,0.0013436523,0.45131117
5.5,0.0014846618,0.4523934
5.550000000000001,0.001633845,0.4535777
5.6000000000000005,0.0019302097,0.45478562
5.65,0.0020902057,0.45604044
5.7,0.0021195384,0.4573295
5.75,0.002164408,0.4585589
5.800000000000001,0.0022286328,0.45982537
5.8500000000000005,0.0021593475,0.46111208
5.9,0.0019465305,0.4623338
5.95,0.001721826,0.4636077
6.0,0.001482752,0.46499914
6.050000000000001,0.0012200988,0.46639988
6.1000000000000005,0.00077878986,0.46769023
6.15,0.0004145977,0.4686776
6.2,-0.00014403864,0.46967506
6.25,-0.0006753272,0.4705228
6.300000000000001,-0.0012377802,0.47129264
6.3500000000000005,-0.0019272702,0.47219753
6.4,-0.002766646,0.4729689
6.45,-0.0037349688,0.47385335
6.5,-0.004699859,0.47474372
6.550000000000001,-0.00563566,0.47546238
6.6000000000000005,-0.0066421833,0.47622302
6.65,-0.007510719,0.47703147
6.7,-0.008482987,0.4776437
6.75,-0.00953081,0.47833303
6.800000000000001,-0.010799291,0.47923422
6.8500000000000005,-0.012091911,0.48026484
6.9,-0.013304403,0.48136494
6.95,-0.014380249,0.48247045
7.0,-0.015425666,0.4834285
7.050000000000001,-0.016363256,0.48444724
7.1000000000000005,-0.017430095,0.48530048
7.15,-0.018403469,0.48635533
7.2,-0.019305434,0.48726183
7.25,-0.020229848,0.48820066
7.300000000000001,-0.021056905,0.48919904
7.3500000000000005,-0.021862885,0.49028185
7.4,-0.022692477,0.4913986
7.45,-0.023533344,0.49248192
7.5,-0.02440294,0.4935985
7.550000000000001,-0.025018215,0.4947356
7.6000000000000005,-0.025587726,0.49584496
7.65,-0.026356334,0.4970044
7.7,-0.027089838,0.49811152
7.75,-0.027593024,0.4991347
7.800000000000001,-0.028167026,0.5001833
7.8500000000000005,-0.028643401,0.50125736
7.9,-0.029127695,0.50235844
7.95,-0.029767571,0.50358987
8.0,-0.030600132,0.5048003
8.05,-0.031218456,0.5058948
8.1,-0.031935476,0.5069591
8.15,-0.032561727,0.50785977
8.200000000000001,-0.033018064,0.50855273
8.25,-0.033114422,0.50897336
8.3,-0.0332734,0.50926864
8.35,-0.033337455,0.5094616
8.4,-0.03338913,0.50957626
8.450000000000001,-0.03332132,0.5096456
8.5,-0.032975774,0.50959533
8.55,-0.032612298,0.5096243
8.6,-0.03211572,0.5095652
8.65,-0.031561367,0.5095777
8.700000000000001,-0.031051511,0.5096553
8.75,-0.030679507,0.50953376
8.8,-0.030315844,0.50936836
8.85,-0.02988411,0.5092513
8.9,-0.02921435,0.50887966
8.950000000000001,-0.028310558,0.50840575
9.0,-0.027459778,0.50785923
9.05,-0.026610415,0.50727856
9.1,-0.025486661,0.5067247
9.15,-0.024291852,0.5062624
9.200000000000001,-0.023263764,0.5057871
9.25,-0.022069158,0.50517994
9.3,-0.020630917,0.5043271
9.35,-0.019126678,0.50350654
9.4,-0.017563295,0.50262463
9.450000000000001,-0.015978495,0.501795
9.5,-0.014521966,0.5010594
9.55,-0.012832331,0.5003399
9.600000000000001,-0.011181005,0.49969375
9.65,-0.0096273655,0.49906167
9.700000000000001,-0.007963813,0.49836332
9.75,-0.0064058253,0.49759915
9.8,-0.0048490497,0.4968393
9.850000000000001,-0.0033838705,0.49625838
9.9,-0.001688798,0.4958058
9.950000000000001,0.00020166487,0.49542576
10.0,0.0020889272,0.49492264
10.05,0.0035740547,0.49443147
10.100000000000001,0.0051182085,0.49393603
10.15,0.00665745,0.4933788
10.200000000000001,0.008159564,0.49290168
10.25,0.009680076,0.49236616
10.3,0.011318951,0.49175808
10.350000000000001,0.012687227,0.4910272
10.4,0.014040348,0.49031365
10.450000000000001,0.015366169,0.4896423
10.5,0.016582835,0.48905146
10.55,0.017626991,0.48851454
10.600000000000001,0.01884836,0.48795626
10.65,0.020117206,0.48758143
10.700000000000001,0.021250827,0.48726264
10.75,0.022395633,0.48718637
10.8,0.023712955,0.48708922
10.850000000000001,0.02490422,0.48729897
10.9,0.026056355,0.48757803
10.950000000000001,0.02724732,0.48786032
11.0,0.028337639,0.48812827
11.05,0.02949189,0.48838112
11.100000000000001,0.030837277,0.48868516
11.15,0.032126755,0.48896247
11.200000000000001,0.03347358,0.48951244
11.25,0.034740467,0.49014324
11.3,0.03597106,0.49078724
11.350000000000001,0.03709493,0.49159324
11.4,0.03805256,0.49240333
11.450000000000001,0.039000228,0.49318373
11.5,0.039737716,0.4941238
11.55,0.040320892,0.49489033
11.600000000000001,0.04089688,0.49579862
11.65,0.04151824,0.4967602
11.700000000000001,0.042208858,0.49762005
11.75,0.042839583,0.4985248
11.8,0.043287296,0.4996103
11.850000000000001,0.04393932,0.50078857
11.9,0.04457818,0.5018977
11.950000000000001,0.04491149,0.50298613
12.0,0.04504734,0.5041243
12.05,0.045032,0.50519127
12.100000000000001,0.045013767,0.5061374
12.15,0.045049414,0.50710577
12.200000000000001,0.04497124,0.5082366
12.25,0.045025192,0.5094035
12.3,0.04512411,0.5105012
12.350000000000001,0.044897757,0.5117276
12.4,0.044809714,0.51290345
12.450000000000001,0.044923533,0.5139308
12.5,0.045160208,0.5147325
12.55,0.04533525,0.51550794
12.600000000000001,0.045633156,0.51622987
12.65,0.045810785,0.5169586
12.700000000000001,0.04595116,0.5176544
12.75,0.045854643,0.51824325
12.8,0.045980006,0.5187437
12.850000000000001,0.045902353,0.51916754
12.9,0.045628663,0.5197369
12.950000000000001,0.045387276,0.5202074
13.0,0.0451625,0.52072066
13.05,0.04502587,0.5211581
13.100000000000001,0.045103274,0.5215017
13.15,0.04526312,0.52161026
13.200000000000001,0.04552378,0.5218633
13.25,0.045687217,0.5220649
13.3,0.04606011,0.52210474
13.350000000000001,0.046344206,0.52222735
13.4,0.046709366,0.52235717
13.450000000000001,0.046989903,0.5224922
13.5,0.0471676,0.5225004
13.55,0.04730759,0.5224384
13.600000000000001,0.047520895,0.5224631
13.65,0.04764298,0.52250385
13.700000000000001,0.047535375,0.52232397
13.75,0.04763617,0.5220442
13.8,0.047586825,0.5215983
13.850000000000001,0.047604706,0.5210424
13.9,0.047361515,0.52051246
13.950000000000001,0.046954326,0.5200586
14.0,0.046453357,0.5197843
14.05,0.045941375,0.51937675
14.100000000000001,0.04533933,0.5188873
14.15,0.044925034,0.5185095
14.200000000000001,0.044264004,0.5181334
14.25,0.043454614,0.5176313
14.3,0.0424428,0.5169251
14.350000000000001,0.041479535,0.51611406
14.4,0.04034962,0.51547825
14.450000000000001,0.039155506,0.5148114
14.5,0.03812402,0.5141587
14.55,0.037213106,0.513445
14.600000000000001,0.036235314,0.51270914
14.65,0.035296753,0.5120773
14.700000000000001,0.034410592,0.5114355
14.75,0.033747558,0.51081175
14.8,0.033169765,0.5101648
14.850000000000001,0.032617435,0.50944144
14.9,0.03199062,0.5086296
14.950000000000001,0.031488758,0.5078536
15.0,0.031164268,0.50706995
15.05,0.030673249,0.50638556
15.100000000000001,0.030209623,0.5058168
15.15,0.029704235,0.5052977
15.200000000000001,0.029238077,0.5050447
15.25,0.02882008,0.5049127
15.3,0.028372746,0.5047657
15.350000000000001,0.027848434,0.5045621
15.4,0.027278746,0.5043747
15.450000000000001,0.0265262,0.50438315
15.5,0.025779342,0.5043157
15.55,0.024982257,0.5042993
15.600000000000001,0.024388647,0.5041307
15.65,0.023690462,0.504006
15.700000000000001,0.022981267,0.5038866
15.75,0.02233388,0.50354606
15.8,0.021612765,0.5030291
15.850000000000001,0.021000724,0.50258213
15.9,0.020402197,0.5023041
15.950000000000001,0.019854814,0.5022233
16.0,0.019008363,0.5020605
16.05,0.018160786,0.5020365
16.1,0.017231924,0.50198054
16.150000000000002,0.016185952,0.50191104
16.2,0.015282522,0.5016751
16.25,0.014357038,0.50134826
16.3,0.013477031,0.5010465
16.35,0.01265738,0.50055057
16.400000000000002,0.011874213,0.49985808
16.45,0.011043124,0.49934977
16.5,0.010002107,0.49888787
16.55,0.009039909,0.49861342
16.6,0.0080953045,0.49837193
16.650000000000002,0.0072400216,0.49818435
16.7,0.0064560943,0.49816853
16.75,0.0056810244,0.49807107
16.8,0.0046303486,0.4980293
16.85,0.0033862642,0.49801356
16.900000000000002,0.0021321115,0.49792174
16.95,0.0010045677,0.49800053
17.0,5.7587444e-05,0.4981596
17.05,-0.001019474,0.49852404
17.1,-0.002279857,0.49894124
17.150000000000002,-0.0037847592,0.49937618
17.2,-0.004980437,0.49999994
17.25,-0.006095954,0.5006279
17.3,-0.007186704,0.5013554
17.35,-0.00807483,0.50187546
17.400000000000002,-0.009054636,0.50249755
17.45,-0.010005472,0.5032691
17.5,-0.010952877,0.504283
17.55,-0.011895158,0.50535697
17.6,-0.012970142,0.5062652
17.650000000000002,-0.0138371475,0.5069745
17.7,-0.014733321,0.50780755
17.75,-0.015841346,0.508774
17.8,-0.016809728,0.5096922
17.85,-0.01768626,0.5106145
17.900000000000002,-0.018403431,0.5114569
17.95,-0.019270472,0.512309
18.0,-0.020116467,0.5131689
18.05,-0.021024026,0.51400214
18.1,-0.021749247,0.514915
18.150000000000002,-0.02251913,0.51577175
18.2,-0.023437144,0.51667917
18.25,-0.02453422,0.51772445
18.3,-0.025493238,0.51872027
18.35,-0.026503615,0.5197424
18.400000000000002,-0.027637025,0.52083105
18.45,-0.029129012,0.52197737
18.5,-0.03050239,0.523132
18.55,-0.031658705,0.52395415
18.6,-0.032454997,0.5247844
18.650000000000002,-0.03302388,0.52573735
18.7,-0.03366405,0.52658165
18.75,-0.034054734,0.52735513
18.8,-0.03438228,0.52801526
18.85,-0.034662906,0.5285251
18.900000000000002,-0.03488915,0.52894056
18.95,-0.034936644,0.5293943
19.0,-0.035160307,0.5298708
19.05,-0.03519027,0.5302793
19.1,-0.035208255,0.5306202
19.150000000000002,-0.035133414,0.53090113
19.200000000000003,-0.035082716,0.53128624
19.25,-0.034886084,0.5316659
19.3,-0.03473355,0.53185916
19.35,-0.034577217,0.53195053
19.400000000000002,-0.03415374,0.53217995
19.450000000000003,-0.033808455,0.5324766
19.5,-0.033225693,0.53273004
19.55,-0.032518003,0.53291714
19.6,-0.031979714,0.533115
19.650000000000002,-0.03149837,0.53318065
19.700000000000003,-0.031129198,0.5331548
19.75,-0.030821223,0.53310055
19.8,-0.030645506,0.5331046
19.85,-0.030517895,0.5330078
19.900000000000002,-0.030323146,0.53275895
19.950000000000003,-0.03018683,0.53255314
20.0,-0.029944219,0.5323688
20.05,-0.02971648,0.53231233
20.1,-0.029264595,0.5324043
20.150000000000002,-0.028748013,0.53253764
20.200000000000003,-0.02827089,0.5328575
20.25,-0.027779363,0.533066
20.3,-0.027118135,0.533369
20.35,-0.026415862,0.5336718
20.400000000000002,-0.025702002,0.53383356
20.450000000000003,-0.025062459,0.53413165
20.5,-0.024402024,0.53461933
20.55,-0.023420222,0.53506213
20.6,-0.022689361,0.53559947
20.650000000000002,-0.021853156,0.53604734
20.700000000000003,-0.021114415,0.53660643
20.75,-0.020402536,0.53712523
20.8,-0.019678187,0.5375822
20.85,-0.018862396,0.53788424
20.900000000000002,-0.018114232,0.53818303
20.950000000000003,-0.017270187,0.5385627
21.0,-0.016378328,0.53897434
21.05,-0.015374466,0.5391627
21.1,-0.014650487,0.53954196
21.150000000000002,-0.013701374,0.5398818
21.200000000000003,-0.012816122,0.5401699
21.25,-0.012163582,0.5404524
21.3,-0.011503335,0.5406844
21.35,-0.010896139,0.54062253
21.400000000000002,-0.01033375,0.5405212
21.450000000000003,-0.00967695,0.54034644
21.5,-0.008997025,0.5402902
21.55,-0.007898223,0.5403017
21.6,-0.006693703,0.54039615
21.650000000000002,-0.0052321623,0.54050183
21.700000000000003,-0.003866921,0.5405472
21.75,-0.0024713608,0.5405718
21.8,-0.0009435856,0.54064554
21.85,0.00071350764,0.54057324
21.900000000000002,0.0022617166,0.5405766
21.950000000000003,0.003953213,0.540517
22.0,0.0054869046,0.54045945
22.05,0.007115154,0.54029214
22.1,0.008530914,0.54007006
22.150000000000002,0.009793068,0.5397779
22.200000000000003,0.01112867,0.53944796
22.25,0.012618313,0.5391359
22.3,0.014055427,0.538756
22.35,0.015731934,0.5382444
22.400000000000002,0.017272841,0.5377165
22.450000000000003,0.01877818,0.5372821
22.5,0.020244213,0.53689706
22.55,0.021645637,0.53634787
22.6,0.023047538,0.5358916
22.650000000000002,0.024288666,0.53531367
22.700000000000003,0.025639651,0.5348268
22.75,0.027020188,0.534393
22.8,0.028164035,0.5341051
22.85,0.029438708,0.5339761
22.900000000000002,0.030671436,0.53388965
22.950000000000003,0.03180408,0.53359777
23.0,0.032901794,0.53324574
23.05,0.033785235,0.5327626
23.1,0.03470761,0.53243375
23.150000000000002,0.035298828,0.5319399
23.200000000000003,0.035846043,0.53162855
23.25,0.03612324,0.53137416
23.3,0.036635105,0.5309828
23.35,0.037227314,0.53061193
23.400000000000002,0.037763976,0.5303668
23.450000000000003,0.038030516,0.5300939
23.5,0.03842665,0.5297438
23.55,0.038666938,0.5292241
23.6,0.03890734,0.5286341
23.650000000000002,0.039233178,0.5280348
23.700000000000003,0.039486412,0.52728844
23.75,0.039727014,0.5265852
23.8,0.039905597,0.5259457
23.85,0.040194537,0.52520674
23.900000000000002,0.040402755,0.52455956
23.950000000000003,0.040629424,0.52391654
24.0,0.040887997,0.5233234
24.05,0.04099659,0.52278966
24.1,0.041120805,0.5223289
24.150000000000002,0.041130703,0.5218447
24.200000000000003,0.04078139,0.52130383
24.25,0.040496454,0.52059853
24.3,0.04016575,0.5196944
24.35,0.039780237,0.5188349
24.400000000000002,0.03943284,0.5180507
24.450000000000003,0.03900302,0.517242
24.5,0.038644027,0.5166938
24.55,0.038308218,0.516094
24.6,0.037945792,0.5155016
24.650000000000002,0.0374589,0.5148933
24.700000000000003,0.037055142,0.51426303
24.75,0.036825787,0.51369643
24.8,0.03648151,0.51318645
24.85,0.036218915,0.5126769
24.900000000000002,0.03585471,0.5121673
24.950000000000003,0.035114225,0.51161766
25.0,0.03432671,0.51135457
25.05,0.03367066,0.51113874
25.1,0.032910857,0.5109551
25.150000000000002,0.032123405,0.510844
25.200000000000003,0.03140876,0.51071894
25.25,0.030496234,0.51055443
25.3,0.029622799,0.51063496
25.35,0.028864367,0.510738
25.400000000000002,0.028235022,0.5109777
25.450000000000003,0.027650587,0.51117355
25.5,0.027082616,0.5112561
25.55,0.026411997,0.511501
25.6,0.025578689,0.5119645
25.650000000000002,0.024856431,0.5124295
25.700000000000003,0.024164913,0.5130697
25.75,0.02345533,0.5135957
25.8,0.022529704,0.5140925
25.85,0.021441337,0.51470506
25.900000000000002,0.02044692,0.51522505
25.950000000000003,0.01947541,0.515589
26.0,0.018531432,0.5158018
26.05,0.017713897,0.51613015
26.1,0.016793974,0.5164155
26.150000000000002,0.015761953,0.51656044
26.200000000000003,0.015073727,0.5166305
26.25,0.014362521,0.51684946
26.3,0.013681834,0.517252
26.35,0.013193081,0.51770145
26.400000000000002,0.012860289,0.5182675
26.450000000000003,0.012566144,0.51874065
26.5,0.012117426,0.5192253
26.55,0.011551219,0.51979715
26.6,0.011025509,0.5202353
26.650000000000002,0.01057972,0.5205922
26.700000000000003,0.010274607,0.52096754
26.75,0.010018097,0.5215146
26.8,0.009708469,0.5221032
26.85,0.009401084,0.5225805
26.900000000000002,0.008956131,0.5230922
26.950000000000003,0.008509848,0.5236547
27.0,0.0079279,0.52424014
27.05,0.0076304474,0.5247813
27.1,0.0072774133,0.5253571
27.150000000000002,0.0069542257,0.5260553
27.200000000000003,0.0068493863,0.52650553
27.25,0.0067824116,0.5267732
27.3,0.006756136,0.52699465
27.35,0.006522164,0.5271843
27.400000000000002,0.006330673,0.52736926
27.450000000000003,0.0060088504,0.5274023
27.5,0.005550724,0.5273392
27.55,0.0049967505,0.52719927
27.6,0.004501396,0.5268521
27.650000000000002,0.0041505713,0.52657795
27.700000000000003,0.0037470078,0.52623177
27.75,0.0036753344,0.5260187
27.8,0.0035089345,0.52588785
27.85,0.0032354651,0.52582264
27.900000000000002,0.0030436418,0.5258461
27.950000000000003,0.0027703221,0.52581245
28.0,0.002481246,0.52573776
28.05,0.0023566475,0.5256811
28.1,0.002278243,0.5257418
28.150000000000002,0.0021241144,0.5256666
28.200000000000003,0.0019712322,0.52536094
28.25,0.0019805904,0.525136
28.3,0.001974338,0.524897
28.35,0.0021786012,0.5246056
28.400000000000002,0.0022403852,0.52450037
28.450000000000003,0.0023934674,0.5244307
28.5,0.0026960454,0.52411956
28.55,0.0030584268,0.5237937
28.6,0.0031834021,0.52339166
28.650000000000002,0.0030169177,0.5230182
28.700000000000003,0.0028755972,0.5226253
28.75,0.002514771,0.5220381
28.8,0.0020240636,0.521355
28.85,0.001683001,0.52082586
28.900000000000002,0.0016160341,0.52037954
28.950000000000003,0.0017474106,0.51990765
29.0,0.0018656756,0.5195968
29.05,0.0020217486,0.5193916
29.1,0.0023415035,0.5193261
29.150000000000002,0.0027156253,0.51919204
29.200000000000003,0.0032953033,0.5189348
29.25,0.0038480924,0.5188682
29.3,0.0044949856,0.5189158
29.35,0.0050933654,0.5189383
29.400000000000002,0.0055367495,0.5189018
29.450000000000003,0.00595252,0.5189073
29.5,0.0063734963,0.518872
29.55,0.006888831,0.51876
29.6,0.007589869,0.518719
29.650000000000002,0.008223047,0.5188367
29.700000000000003,0.00877775,0.5188609
29.75,0.009233209,0.5189018
29.8,0.0094274,0.5192616
29.85,0.009591656,0.5197144
29.900000000000002,0.00964875,0.52033126
29.950000000000003,0.009755861,0.52113575
30.0,0.009958986,0.522096
30.05,0.009960023,0.5229736
30.1,0.010057071,0.52384466
30.150000000000002,0.010434109,0.5246582
30.200000000000003,0.010841621,0.52565026
30.25,0.011211511,0.52653646
30.3,0.011454813,0.5272496
30.35,0.011775463,0.52800775
30.400000000000002,0.012052606,0.52894354
30.450000000000003,0.012370374,0.52981824
30.5,0.012651995,0.5306858
30.55,0.01312283,0.53153867
30.6,0.013703109,0.53227025
30.650000000000002,0.014257049,0.5327514
30.700000000000003,0.014848519,0.53317493
30.75,0.015594589,0.5337348
30.8,0.016387083,0.5342555
30.85,0.017463563,0.5348762
30.900000000000002,0.018456813,0.53553987
30.950000000000003,0.019482648,0.53613913
31.0,0.020536428,0.53670347
31.05,0.021710219,0.5372829
31.1,0.022966065,0.5377286
31.150000000000002,0.023899637,0.53805786
31.200000000000003,0.02490112,0.53813595
31.25,0.025964878,0.5382562
31.3,0.026817543,0.5381967
31.35,0.027483052,0.5379621
31.400000000000002,0.02812802,0.537777
31.450000000000003,0.02895756,0.5376509
31.5,0.02973704,0.53772616
31.55,0.030279996,0.5376973
31.6,0.030822199,0.53759885
31.650000000000002,0.031356357,0.53734374
31.700000000000003,0.03162855,0.5370226
31.75,0.031782657,0.53666914
31.8,0.031806055,0.5362287
31.85,0.031984176,0.5358397
31.900000000000002,0.032037985,0.5355353
31.950000000000003,0.0318278,0.53509176
32.0,0.03162791,0.5346581
32.050000000000004,0.0313698,0.53423357
32.1,0.031055346,0.5338199
32.15,0.030596308,0.5334287
32.2,0.030207478,0.53308064
32.25,0.029869296,0.5327267
32.300000000000004,0.029548122,0.5322834
32.35,0.02924884,0.53190506
32.4,0.028910067,0.53153384
32.45,0.028607901,0.53128207
32.5,0.028178316,0.5311893
32.550000000000004,0.027693711,0.53102684
32.6,0.02700707,0.53092825
32.65,0.026366623,0.5308563
32.7,0.025639761,0.53084856
32.75,0.024696726,0.53088325
32.800000000000004,0.023742812,0.5308769
32.85,0.0228855,0.5308051
32.9,0.02194554,0.53050303
32.95,0.020887487,0.530061
33.0,0.019973328,0.5295288
33.050000000000004,0.01906763,0.52895707
33.1,0.01817732,0.52836895
33.15,0.017259344,0.5276542
33.2,0.016305096,0.52703303
33.25,0.015434747,0.52653104
33.300000000000004,0.014547035,0.5259247
33.35,0.013694939,0.5252473
33.4,0.012981299,0.5244914
33.45,0.012074726,0.52362114
33.5,0.0109912455,0.5227503
33.550000000000004,0.010056585,0.52167606
33.6,0.009120437,0.5206573
33.65,0.008605457,0.5197319
33.7,0.008316883,0.5187307
33.75,0.008039712,0.5176559
33.800000000000004,0.00767411,0.5164423
33.85,0.007216842,0.51535463
33.9,0.006841755,0.514278
33.95,0.006556242,0.5131374
34.0,0.0061777555,0.51206344
34.050000000000004,0.005759255,0.5109314
34.1,0.005445675,0.5098536
34.15,0.005200251,0.50878423
34.2,0.0049470807,0.50777024
34.25,0.0048256996,0.50705713
34.300000000000004,0.0045453273,0.5064515
34.35,0.0040375064,0.5059027
34.4,0.0035133834,0.5055188
34.45,0.0029761733,0.5052333
34.5,0.0026042098,0.50516653
34.550000000000004,0.0023718986,0.5052199
34.6,0.002104434,0.5053444
34.65,0.0018725024,0.50558656
34.7,0.0019915083,0.50576097
34.75,0.0020432926,0.50609225
34.800000000000004,0.0022821422,0.5064363
34.85,0.0025763947,0.5068507
34.9,0.0029971777,0.50733066
34.95,0.0031630592,0.5078395
35.0,0.0031296276,0.50843936
35.050000000000004,0.0031403329,0.5092286
35.1,0.0032117406,0.5097737
35.15,0.0031979226,0.510351
35.2,0.0033457987,0.51110286
35.25,0.0034276666,0.51165324
35.300000000000004,0.003389159,0.5126015
35.35,0.003497756,0.51353824
35.4,0.0034730828,0.5146139
35.45,0.0035417515,0.51567805
35.5,0.0036139884,0.5166446
35.550000000000004,0.0037017758,0.51757514
35.6,0.003728429,0.5184494
35.65,0.0038004287,0.5194455
35.7,0.003753408,0.520403
35.75,0.0036631792,0.52125037
35.800000000000004,0.0035535665,0.52221787
35.85,0.0034439482,0.5233637
35.9,0.0033197168,0.5243581
35.95,0.0033790222,0.52537876
36.0,0.0034801112,0.52629995
36.050000000000004,0.0038823597,0.5271447
36.1,0.004084347,0.5280429
36.15,0.00425044,0.5288399
36.2,0.0043843086,0.52968574
36.25,0.0047924924,0.53082114
36.300000000000004,0.005350647,0.5321224
36.35,0.0057479637,0.5331987
36.4,0.0060335663,0.5342017
36.45,0.0064557586,0.53529626
36.5,0.0067975987,0.5362762
36.550000000000004,0.0071438034,0.53720593
36.6,0.00734355,0.53806186
36.65,0.007665012,0.5387154
36.7,0.008023812,0.53923845
36.75,0.008583982,0.5395221
36.800000000000004,0.009087033,0.5396721
36.85,0.009422146,0.5397165
36.9,0.009870381,0.53979295
36.95,0.010207789,0.53990036
37.0,0.0104419915,0.5398116
37.050000000000004,0.010878845,0.53983474
37.1,0.011413725,0.5397651
37.15,0.011602016,0.5395928
37.2,0.011673336,0.5392429
37.25,0.011760164,0.5388891
37.300000000000004,0.011885521,0.5383713
37.35,0.012183158,0.53802127
37.4,0.0123873735,0.53770727
37.45,0.012433771,0.5374482
37.5,0.012544286,0.5372284
37.550000000000004,0.012517749,0.5369326
37.6,0.012323003,0.5364622
37.65,0.0121346265,0.5358755
37.7,0.012082624,0.53527933
37.75,0.0121873515,0.53486496
37.800000000000004,0.012432548,0.5344268
37.85,0.012683926,0.533883
37.9,0.012974368,0.53349334
37.95,0.013062936,0.5331116
38.0,0.01335007,0.53278494
38.050000000000004,0.013620977,0.5324893
38.1,0.013988953,0.5323302
38.15,0.014197405,0.5320899
38.2,0.014296349,0.531931
38.25,0.014307184,0.5315827
38.300000000000004,0.014314733,0.5310953
38.35,0.014260651,0.53073734
38.400000000000006,0.014187779,0.53028893
38.45,0.014046862,0.5297541
38.5,0.014031599,0.5291253
38.550000000000004,0.01375293,0.52856505
38.6,0.013400521,0.52780473
38.650000000000006,0.013178297,0.52718526
38.7,0.012858626,0.5266421
38.75,0.012699724,0.5262779
38.800000000000004,0.012479382,0.5258253
38.85,0.012307817,0.5254223
38.900000000000006,0.012025239,0.5251481
38.95,0.011540321,0.52491575
39.0,0.011138727,0.5247423
39.050000000000004,0.010552069,0.5245359
39.1,0.009959879,0.52429175
39.150000000000006,0.009350595,0.5240058
39.2,0.008611885,0.5238281
39.25,0.007837939,0.5238225
39.300000000000004,0.006991843,0.52378565
39.35,0.0057827546,0.52388406
39.400000000000006,0.0044718897,0.52384955
39.45,0.0033736092,0.5239526
39.5,0.0023961081,0.5240005
39.550000000000004,0.0012890425,0.52418464
39.6,0.00024035311,0.52430147
39.650000000000006,-0.0009388406,0.5247015
39.7,-0.0021756273,0.52508324
39.75,-0.0032361492,0.5255369
39.800000000000004,-0.004570092,0.5260569
39.85,-0.0057113874,0.52653086
39.900000000000006,-0.006892956,0.52692455
39.95,-0.007965627,0.52736944
40.0,-0.009006889,0.5278437
40.050000000000004,-0.009944867,0.52829456
40.1,-0.010736187,0.52867514
40.150000000000006,-0.011520333,0.52904487
40.2,-0.012207993,0.52920127
40.25,-0.012795735,0.529274
40.300000000000004,-0.013247618,0.52939314
40.35,-0.013829016,0.5294926
40.400000000000006,-0.014474436,0.52968097
40.45,-0.015201301,0.5298227
40.5,-0.01586061,0.52986383
40.550000000000004,-0.016695049,0.5299853
40.6,-0.017563317,0.530049
40.650000000000006,-0.018306712,0.53007627
40.7,-0.019170878,0.52999073
40.75,-0.019999124,0.52975374
40.800000000000004,-0.020723648,0.52944636
40.85,-0.021585012,0.52910954
40.900000000000006,-0.02247628,0.52892345
40.95,-0.023428384,0.5286645
41.0,-0.024284894,0.52831477
41.050000000000004,-0.02526811,0.5277768
41.1,-0.026101181,0.5271241
41.150000000000006,-0.026671425,0.5266655
41.2,-0.02727665,0.52607465
41.25,-0.027668398,0.5254709
41.300000000000004,-0.028221922,0.5248254
41.35,-0.028670125,0.5241557
41.400000000000006,-0.028913718,0.5234359
41.45,-0.02923707,0.5227437
41.5,-0.029402535,0.5219011
41.550000000000004,-0.029521085,0.52090114
41.6,-0.02936945,0.5198725
41.650000000000006,-0.029206747,0.5189035
41.7,-0.028947067,0.51809514
41.75,-0.028809464,0.5172495
41.800000000000004,-0.02869936,0.5162483
41.85,-0.02859714,0.515177
41.900000000000006,-0.028207438,0.51401
41.95,-0.027691944,0.5128292
42.0,-0.027142549,0.5115433
42.050000000000004,-0.02634315,0.51042914
42.1,-0.025580835,0.50921935
42.150000000000006,-0.024954716,0.5081088
42.2,-0.024152843,0.5070985
42.25,-0.02337446,0.5061057
42.300000000000004,-0.02264959,0.50511926
42.35,-0.02173333,0.5040352
42.400000000000006,-0.020625895,0.503158
42.45,-0.019521855,0.50238466
42.5,-0.01817807,0.5014551
42.550000000000004,-0.016972288,0.50061625
42.6,-0.015669987,0.50000006
42.650000000000006,-0.014296743,0.49942055
42.7,-0.012901818,0.4990464
42.75,-0.011484918,0.4988526
42.800000000000004,-0.009809043,0.49880382
42.85,-0.007974956,0.49896052
42.900000000000006,-0.0061980323,0.49930096
42.95,-0.0043002325,0.4996731
43.0,-0.0024667108,0.5000407
43.050000000000004,-0.0005268087,0.50041324
43.1,0.0014505307,0.5008393
43.150000000000006,0.0032787474,0.50123584
43.2,0.0050119897,0.501774
43.25,0.0064822054,0.5024522
43.300000000000004,0.007876981,0.5030229
43.35,0.009260287,0.50388217
43.400000000000006,0.010534922,0.5048532
43.45,0.011742009,0.50578076
43.5,0.012855355,0.5067427
43.550000000000004,0.01392649,0.50756323
43.6,0.014889024,0.50835794
43.650000000000006,0.01588418,0.5093751
43.7,0.016928134,0.5103128
43.75,0.01804558,0.5114408
43.800000000000004,0.019265061,0.5125154
43.85,0.02033821,0.51360375
43.900000000000006,0.021548089,0.5146949
43.95,0.022714032,0.5157409
44.0,0.023663886,0.51679254
44.050000000000004,0.024690194,0.51782894
44.1,0.025799222,0.518554
44.150000000000006,0.026956566,0.51912796
44.2,0.028382208,0.5196849
44.25,0.029713813,0.5201836
44.300000000000004,0.030907031,0.52065396
44.35,0.03221038,0.5210196
44.400000000000006,0.033334464,0.521344
44.45,0.034340635,0.5217685
44.5,0.035500295,0.5221694
44.550000000000004,0.036606662,0.5226496
44.6,0.037615046,0.52324295
44.650000000000006,0.038614456,0.5237493
44.7,0.039793383,0.524295
44.75,0.040836405,0.5248025
44.800000000000004,0.04192824,0.52520245
44.85,0.042941958,0.5255573
44.900000000000006,0.043826357,0.525963
44.95,0.04467031,0.52649844
45.0,0.04537019,0.5271293
45.050000000000004,0.045964338,0.5278279
45.1,0.046531726,0.5286454
45.150000000000006,0.046862446,0.5295775
45.2,0.04709866,0.5305827
45.25,0.04720365,0.5315749
45.300000000000004,0.047434486,0.5324589
45.35,0.047557954,0.5332198
45.400000000000006,0.047782645,0.5338521
45.45,0.04794254,0.5344496
45.5,0.047909364,0.534938
45.550000000000004,0.047750898,0.53534484
45.6,0.047766037,0.53566885
45.650000000000006,0.047931112,0.53586996
45.7,0.047911793,0.5359595
45.75,0.047821715,0.53586185
45.800000000000004,0.047540873,0.53566164
45.85,0.047153085,0.5354418
45.900000000000006,0.046832453,0.5348671
45.95,0.046277843,0.5341052
46.0,0.0457607,0.5332094
46.050000000000004,0.044969834,0.5323785
46.1,0.0441422,0.5315506
46.150000000000006,0.04348268,0.5306349
46.2,0.042633276,0.529671
46.25,0.041811403,0.52871567
46.300000000000004,0.04103718,0.5278619
46.35,0.04005131,0.5270214
46.400000000000006,0.039012782,0.5261104
46.45,0.037855648,0.52529067
46.5,0.03661385,0.52442384
46.550000000000004,0.035341293,0.5235459
46.6,0.034249783,0.5226382
46.650000000000006,0.033022854,0.5218566
46.7,0.03165881,0.52099156
46.75,0.030536015,0.520079
46.800000000000004,0.02942042,0.51921177
46.85,0.028207188,0.5184889
46.900000000000006,0.027083326,0.517766
46.95,0.02600893,0.5169239
47.0,0.024931705,0.5161244
47.050000000000004,0.024042955,0.5150463
47.1,0.02323624,0.51399744
47.150000000000006,0.022465684,0.5130461
47.2,0.021752201,0.51214886
47.25,0.02083128,0.51129633
47.300000000000004,0.019787688,0.5104963
47.35,0.01870029,0.5096536
47.400000000000006,0.01756434,0.5089671
47.45,0.01613136,0.5082074
47.5,0.0144477105,0.50756216
47.550000000000004,0.01269749,0.5069017
47.6,0.010975758,0.5062966
47.650000000000006,0.0091993455,0.5057104
47.7,0.007567071,0.5051089
47.75,0.005871133,0.5045773
47.800000000000004,0.003964269,0.5040963
47.85,0.0020967086,0.5035351
47.900000000000006,-0.00018130013,0.5028894
47.95,-0.0022574363,0.5024238
48.0,-0.0041339146,0.5020177
48.050000000000004,-0.0060555027,0.5017652
48.1,-0.0079664625,0.50171715
48.150000000000006,-0.010158677,0.5018852
48.2,-0.012178685,0.5022511
48.25,-0.014156328,0.5027507
48.300000000000004,-0.016035603,0.5033322
48.35,-0.017874027,0.5041693
48.400000000000006,-0.019795524,0.50497437
48.45,-0.021613667,0.50570184
48.5,-0.023122897,0.50664014
48.550000000000004,-0.024347859,0.5076268
48.6,-0.02546003,0.50860983
48.650000000000006,-0.026693273,0.50959814
48.7,-0.027613385,0.51056695
48.75,-0.028578218,0.51171666
48.800000000000004,-0.02942416,0.51294684
48.85,-0.03031271,0.5143359
48.900000000000006,-0.031005813,0.5155728
48.95,-0.03164671,0.5167665
49.0,-0.032128584,0.51817936
49.050000000000004,-0.03265573,0.5195848
49.1,-0.03326904,0.5212117
49.150000000000006,-0.033937834,0.5227932
49.2,-0.03476422,0.5243514
49.25,-0.035388824,0.5258945
49.300000000000004,-0.03618141,0.5274144
49.35,-0.0370639,0.5289122
49.400000000000006,-0.03792852,0.5306436
49.45,-0.038813833,0.53233874
49.5,-0.039713997,0.5339829
49.550000000000004,-0.040487494,0.5355391
49.6,-0.04123024,0.5371935
49.650000000000006,-0.04191047,0.53875583
49.7,-0.04244232,0.5401691
49.75,-0.04297599,0.5415935
49.800000000000004,-0.04347088,0.5428481
49.85,-0.04399695,0.5436925
49.900000000000006,-0.04440539,0.5445966
49.95,-0.04473961,0.5453846
